,fecha,tendencia,estacionalidad,ruido,ventas
0,2023-01-01,120.0,-20.647942025975794,-10.856306033005612,88.4957519410186
1,2023-01-02,120.18,-20.56495855754769,9.973454465835857,109.58849590828817
2,2023-01-03,120.36,-20.461172870294842,2.8297849805199204,102.72861211022507
3,2023-01-04,120.54,-20.336407669057976,-15.06294713918092,85.14064519176111
4,2023-01-05,120.72,-20.190509554287647,-5.786002519685364,94.74348792602699
5,2023-01-06,120.9,-20.0233492931263,16.51436537097151,117.39101607784522
6,2023-01-07,121.08,-19.834822062108724,-24.266792433930743,76.97838550396052
7,2023-01-08,121.26,-19.624847661166807,-4.289126288561772,97.34602605027142
8,2023-01-09,121.44,-19.393370698658277,12.659362587055341,114.70599188839707
9,2023-01-10,121.62,-19.140360747173542,-8.667404022651017,93.81223523017545
10,2023-01-11,121.8,-18.86581246990919,-6.7888615162205435,96.14532601387026
11,2023-01-12,121.98,-18.569745717431616,-0.9470896893689112,102.46316459319948
12,2023-01-13,122.16,-18.25220559468938,14.91389626124288,118.82169066655351
13,2023-01-14,122.34,-17.913262498167892,-6.38901996684651,98.0377175349856
14,2023-01-15,122.52,-17.553012123115696,-4.439819596460655,100.52716828042365
15,2023-01-16,122.7,-17.17157544080678,-4.343512756185174,101.18491180300805
16,2023-01-17,122.88,-16.769098645839133,22.059300827254557,128.17020218141542
17,2023-01-18,123.06,-16.34575307350504,21.867860889737866,128.58210781623282
18,2023-01-19,123.24,-15.901735087304152,10.04053897878877,117.37880389148462
19,2023-01-20,123.42,-15.43726593670601,3.8618639917485598,111.84459805504255
20,2023-01-21,123.6,-14.952591585303528,7.373685758962422,116.0210941736589
21,2023-01-22,123.78,-14.447982509534544,14.907320281507989,124.23933777197345
22,2023-01-23,123.96,-13.923733468183073,-9.358338684023913,100.677927847793
23,2023-01-24,124.14,-13.380163242906988,11.758290447821034,122.51812720491405
24,2023-01-25,124.32,-12.817614350072697,-12.538806677490124,98.96357897243716
25,2023-01-26,124.5,-12.236452724212123,-6.377515024534103,105.88603225125377
26,2023-01-27,124.68,-11.637067373450442,9.071051958003013,122.11398458455258
27,2023-01-28,124.86,-11.019870007286652,-14.286807002259689,99.55332299045365
28,2023-01-29,125.04,-10.38529463714171,-1.400687201886661,113.25401816097164
29,2023-01-30,125.22,-9.733797150121584,-8.617548958596855,106.86865389128155
30,2023-01-31,125.4,-9.0658548564741,-2.556193705305969,113.77795143821993
31,2023-02-01,125.58,-8.381966011250103,-27.985891054607244,89.21214293414266
32,2023-02-02,125.76,-7.682649310709856,-17.71533104509847,100.36201964419168
33,2023-02-03,125.94,-6.96844336404575,-6.998772345979173,111.97278428997507
34,2023-02-04,126.12,-6.239906141021983,9.274624317585825,129.15471817656385
35,2023-02-05,126.3,-5.497614396160115,-1.736356827902158,119.06602877593772
36,2023-02-06,126.48,-4.742163070127939,0.028459158968110194,121.76629608884016
37,2023-02-07,126.66,-3.9741646690156163,6.88222711102285,129.56806244200723
38,2023-02-08,126.84,-3.194248622210111,-8.79536343009052,114.85038794769937
39,2023-02-09,127.02,-2.4030606196037763,2.83627323807291,127.45321261846912
40,2023-02-10,127.2,-1.6012619288983192,-8.053665180656157,117.54507289044552
41,2023-02-11,127.38,-0.7895286937884904,-17.276694941206074,109.31377636500542
42,2023-02-12,127.56,0.03144878616675584,-3.9089979375510095,123.68245084861574
43,2023-02-13,127.74,0.8609667931562459,5.738058624050577,134.3390254172068
44,2023-02-14,127.92,1.6983089453615765,3.385890509998015,133.00419945535958
45,2023-02-15,128.1,2.5427469669644065,-0.1183049447881976,130.5244420221762
46,2023-02-16,128.28,3.3935414730273523,23.92365265937726,155.5971941324046
47,2023-02-17,128.46,4.249942768341033,4.129121603087788,136.83906437142883
48,2023-02-18,128.64,5.11119165931363,9.787360059373466,143.53855171868707
49,2023-02-19,128.82,5.976520277963459,22.381433384979527,157.17795366294297
50,2023-02-20,129.0,6.8451529170602665,-12.940853231612488,122.90429968544777
51,2023-02-21,129.18,7.716306875447737,-10.387882102049534,126.50842477339822
52,2023-02-22,129.36,8.589193312567353,17.437122251229308,155.38631556379667
53,2023-02-23,129.54,9.463018111192303,-7.980627352410625,131.02239075878165
54,2023-02-24,129.72,10.336982747370504,0.2968323030333022,140.35381505040382
55,2023-02-25,129.9,11.210285166566724,10.693159694243485,151.80344486081023
56,2023-02-26,130.08,12.082120664986176,8.907063912931708,151.0691845779179
57,2023-02-27,130.26,12.951682775055664,17.548861819811094,160.76054459486676
58,2023-02-28,130.44,13.818164154032983,14.956441370334693,159.21460552436767
59,2023-03-01,130.62,14.68075747471122,10.693926697057368,155.9946841717686
60,2023-03-02,130.8,15.538656317182173,-7.727087142471914,138.6115691747103
61,2023-03-03,130.98,16.391056060620873,7.9486266779321815,155.31968273855304
62,2023-03-04,131.16,17.237154774053575,3.1427199450686705,151.53987471912225
63,2023-03-05,131.34,18.076154105071918,-13.26265459940456,136.15349950566736
64,2023-03-06,131.52,18.907260165458226,14.172990464768525,164.60025063022675
65,2023-03-07,131.7,19.729684412690446,8.072365345785665,159.50204975847612
66,2023-03-08,131.88,20.542644526299345,0.4549008063109716,152.8775453326103
67,2023-03-09,132.06,21.345365278056697,-2.330920609844135,151.07444466821258
68,2023-03-10,132.24,22.13707939498,-11.98301144700787,142.39406794797213
69,2023-03-11,132.42,22.917028414147342,1.9952407355863258,157.33226914973366
70,2023-03-12,132.6,23.68446352832558,4.684391194456443,160.96885472278203
71,2023-03-13,132.78,24.43864642142527,-8.311549842432791,148.90709657899248
72,2023-03-14,132.96,25.178850092807664,11.622040490995293,169.76089058380296
73,2023-03-15,133.14,25.90435966948182,-10.972030464830343,148.07232920465148
74,2023-03-16,133.32,26.614473205243847,-21.231003500424418,138.70346970481944
75,2023-03-17,133.5,27.308502465825427,10.397270908927005,171.20577337475243
76,2023-03-18,133.68,27.985773699134924,-4.033660381021075,157.63211331811388
77,2023-03-19,133.86,28.645628389691634,-1.2602958531301514,161.2453325365615
78,2023-03-20,134.04,29.287423996372112,-8.375167228250533,154.95225676812157
79,2023-03-21,134.22,29.910534672606886,-16.05962760717403,148.07090706543283
80,2023-03-22,134.4,30.514351968186144,12.552373747242186,177.4667257154283
81,2023-03-23,134.58,31.098285511854577,-6.888689838469215,158.78959567338538
82,2023-03-24,134.76,31.661763673897667,16.609524881479395,183.03128855537705
83,2023-03-25,134.94,32.2042342079452,8.073081862107287,175.2173160700525
84,2023-03-26,135.12,32.7251648712419,-3.147581467174599,164.6975834040673
85,2023-03-27,135.3,33.22404402266016,-10.859024011268666,157.6650200113915
86,2023-03-28,135.48,33.70038119775587,-7.324619867204571,161.85576133055127
87,2023-03-29,135.66,34.15370766019504,-12.125231310951696,157.68847634924333
88,2023-03-30,135.84,34.58357692890654,20.871133595881854,191.29471052478837
89,2023-03-31,136.02,34.98956528034455,1.6444123022982495,172.65397758264282
90,2023-04-01,136.2,35.37127222527349,11.502055425466322,183.0733276507398
91,2023-04-02,136.38,35.72832095951781,-12.673520490102275,159.43480046941553
92,2023-04-03,136.56,36.06035878814947,1.8103512959700387,174.4307100841195
93,2023-04-04,136.74,36.36705752261715,11.778619388085783,184.88567691070295
94,2023-04-05,136.92,36.64811385035246,-3.3501076193301587,170.21800623102231
95,2023-04-06,137.1,36.903249676421105,10.311144589217422,184.31439426563853
96,2023-04-07,137.28,37.13221243681913,-10.845679120057666,163.56653331676145
97,2023-04-08,137.46,37.33477538304791,-13.634715446185844,161.16005993686207
98,2023-04-09,137.64,37.51073783763489,3.7940061207813613,178.94474395841627
99,2023-04-10,137.82,37.65992542030125,-3.7917643457255217,171.68816107457573
100,2023-04-11,138.0,37.782190244511725,6.420546892718314,182.20273713723003
101,2023-04-12,138.18,37.8774110841769,-19.778879315204488,156.27853176897244
102,2023-04-13,138.36,37.94549351031264,7.122646354705182,183.42813986501784
103,2023-04-14,138.54,37.98636999749701,25.983039272693148,202.50940927019013
104,2023-04-15,138.72,38.0,-0.24625981431480626,176.4737401856852
105,2023-04-16,138.9,37.98636999749701,0.34142128909841574,177.22779128659542
106,2023-04-17,139.07999999999998,37.94549351031264,1.7954948463867915,178.82098835669942
107,2023-04-18,139.26,37.8774110841769,-18.61975710791787,158.51765397625903
108,2023-04-19,139.44,37.782190244511725,4.261466396903099,181.48365664141483
109,2023-04-20,139.62,37.65992542030125,-16.054097440159648,161.22582798014162
110,2023-04-21,139.8,37.51073783763489,-4.276795981238044,173.03394185639686
111,2023-04-22,139.98,37.33477538304791,12.42869549603737,189.74347087908527
112,2023-04-23,140.16,37.13221243681913,-7.352169561000764,169.94004287581834
113,2023-04-24,140.34,36.903249676421105,5.012489895674,182.2557395720951
114,2023-04-25,140.52,36.64811385035246,10.127390539563706,187.29550438991618
115,2023-04-26,140.7,36.36705752261715,2.787408560959998,179.85446608357714
116,2023-04-27,140.88,36.06035878814947,-13.709484700946078,163.2308740872034
117,2023-04-28,141.06,35.72832095951781,-3.3247527535141392,173.46356820600369
118,2023-04-29,141.24,35.37127222527349,19.59411342388286,196.20538564915637
119,2023-04-30,141.42,34.98956528034455,-20.25045762997471,156.15910765036983
120,2023-05-01,141.6,34.58357692890654,-2.7578601386617545,173.42571679024476
121,2023-05-02,141.78,34.15370766019504,-5.521080714881078,170.41262694531397
122,2023-05-03,141.96,33.70038119775587,1.207473630971387,176.86785482872725
123,2023-05-04,142.14,33.22404402266016,7.482156171872304,182.84620019453246
124,2023-05-05,142.32,32.7251648712419,16.086909680220533,191.13207455146244
125,2023-05-06,142.5,32.2042342079452,-2.702323920091581,172.00191028785363
126,2023-05-07,142.68,31.661763673897667,8.123413299768204,182.46517697366588
127,2023-05-08,142.86,31.098285511854577,4.997401448651729,178.95568696050634
128,2023-05-09,143.04,30.514351968186144,4.743472978718003,178.29782494690414
129,2023-05-10,143.22,29.910534672606886,-5.639239315264724,167.49129535734215
130,2023-05-11,143.4,29.287423996372112,-9.973214687759008,162.7142093086131
131,2023-05-12,143.57999999999998,28.645628389691634,-11.000431126206971,161.22519726348466
132,2023-05-13,143.76,27.985773699134924,-7.564372093991233,164.1814016051437
133,2023-05-14,143.94,27.308502465825427,3.216865758662266,174.4653682244877
134,2023-05-15,144.12,26.614473205243847,7.609493931283295,178.34396713652714
135,2023-05-16,144.3,25.90435966948182,3.234688478568952,173.4390481480508
136,2023-05-17,144.48,25.178850092807664,-5.489550961957409,164.16929913085025
137,2023-05-18,144.66,24.43864642142527,18.059701099324748,187.15834752075
138,2023-05-19,144.84,23.68446352832558,15.1886562363154,183.713119764641
139,2023-05-20,145.02,22.917028414147342,-3.5400011275017333,164.39702728664562
140,2023-05-21,145.2,22.13707939498,-8.23431405985666,159.1027653351233
141,2023-05-22,145.38,21.345365278056697,1.3021495415796958,168.0275148196364
142,2023-05-23,145.56,20.542644526299345,12.67298645054353,178.77563097684288
143,2023-05-24,145.74,19.729684412690446,3.3276497725411707,168.79733418523165
144,2023-05-25,145.92,18.907260165458226,5.565487049100443,170.39274721455865
145,2023-05-26,146.1,18.076154105071918,-2.120801222756257,162.05535288231565
146,2023-05-27,146.28,17.237154774053575,4.562708952022307,168.0798637260759
147,2023-05-28,146.46,16.391056060620873,15.445444514561384,178.29650057518228
148,2023-05-29,146.64,15.538656317182173,-2.3966878147771076,159.78196850240508
149,2023-05-30,146.82,14.68075747471122,1.4330773250787254,162.93383479978993
150,2023-05-31,147.0,13.818164154032983,2.5381647654962736,163.35632891952926
151,2023-06-01,147.18,12.951682775055664,2.837253557710373,162.96893633276605
152,2023-06-02,147.36,12.082120664986176,-14.118888760712274,145.3232319042739
153,2023-06-03,147.54,11.210285166566724,-18.768686558738946,139.98159860782778
154,2023-06-04,147.72,10.336982747370504,-10.196550709218393,147.8604320381521
155,2023-06-05,147.9,9.463018111192303,1.6794229540166816,159.04244106520898
156,2023-06-06,148.07999999999998,8.589193312567353,5.538561660032112,162.20775497259945
157,2023-06-07,148.26,7.716306875447737,-5.306745597736241,150.6695612777115
158,2023-06-08,148.44,6.8451529170602665,13.772574828673068,169.05772774573333
159,2023-06-09,148.62,5.976520277963459,-1.431759743261871,153.1647605347016
160,2023-06-10,148.8,5.11119165931363,0.20315998234624588,154.11435164165988
161,2023-06-11,148.98,4.249942768341033,-1.9396387055266242,151.2903040628144
162,2023-06-12,149.16,3.3935414730273523,1.3402679274666514,153.89380940049398
163,2023-06-13,149.34,2.5427469669644065,7.044740740436035,158.92748770740045
164,2023-06-14,149.52,1.6983089453615765,6.656534379123312,157.8748433244849
165,2023-06-15,149.7,0.8609667931562459,-8.984229406095901,141.57673738706035
166,2023-06-16,149.88,0.03144878616675584,15.236637764785275,165.14808655095203
167,2023-06-17,150.06,-0.7895286937884904,-10.950264574269175,138.32020673194233
168,2023-06-18,150.24,-1.6012619288983192,0.7922701409061239,149.4310082120078
169,2023-06-19,150.42,-2.4030606196037763,-2.743965735223526,145.2729736451727
170,2023-06-20,150.6,-3.194248622210111,-10.489916773184873,136.91583460460504
171,2023-06-21,150.78,-3.9741646690156163,-0.7512058797383152,146.0546294512461
172,2023-06-22,150.96,-4.742163070127939,-7.408137732923984,138.8096991969481
173,2023-06-23,151.14,-5.497614396160115,0.7290724327605224,146.3714580366004
174,2023-06-24,151.32,-6.239906141021983,4.03085961219367,149.11095347117168
175,2023-06-25,151.5,-6.96844336404575,14.719293689732716,159.25085032568697
176,2023-06-26,151.68,-7.682649310709856,3.073842186274145,147.0711928755643
177,2023-06-27,151.86,-8.381966011250103,-6.112253403048249,137.36578058570166
178,2023-06-28,152.04,-9.0658548564741,-3.9161981071960157,139.0579470363299
179,2023-06-29,152.22,-9.733797150121584,1.3997810611456363,143.88598391102406
180,2023-06-30,152.4,-10.38529463714171,0.9346082946215117,142.94931365747982
181,2023-07-01,152.57999999999998,-11.019870007286652,14.595892682284209,156.15602267499756
182,2023-07-02,152.76,-11.637067373450442,13.953529297569547,155.07646192411912
183,2023-07-03,152.94,-12.236452724212123,-3.589359262422613,137.11418801336526
184,2023-07-04,153.12,-12.817614350072697,-5.486421281861983,134.81596436806532
185,2023-07-05,153.3,-13.380163242906988,-25.570546040678583,114.34929071641446
186,2023-07-06,153.48,-13.923733468183073,-5.4892041332222,134.06706239859471
187,2023-07-07,153.66,-14.447982509534544,-9.780577060842838,129.43144042962263
188,2023-07-08,153.84,-14.952591585303528,-3.5482445809481873,135.33916383374827
189,2023-07-09,154.01999999999998,-15.43726593670601,3.9158424235011107,142.4985764867951
190,2023-07-10,154.2,-15.901735087304152,1.7719232919898789,140.0701882046857
191,2023-07-11,154.38,-16.34575307350504,-0.2996800704754226,137.7345668560195
192,2023-07-12,154.56,-16.769098645839133,1.995821110885137,139.786722465046
193,2023-07-13,154.74,-17.17157544080678,-1.2611777323099171,136.30724682688333
194,2023-07-14,154.92000000000002,-17.553012123115696,1.9701893254347609,139.33717720231908
195,2023-07-15,155.1,-17.913262498167892,-32.31055007919312,104.87618742263899
196,2023-07-16,155.28,-18.25220559468938,-2.6929348975075422,134.3348595078031
197,2023-07-17,155.46,-18.569745717431616,-1.10850721053007,135.7817470720383
198,2023-07-18,155.64,-18.86581246990919,-3.412617162065858,133.36157036802493
199,2023-07-19,155.82,-19.140360747173542,-2.1794626210294177,134.50017663179705
200,2023-07-20,156.0,-19.393370698658277,7.033101178067302,143.63973047940902
201,2023-07-21,156.18,-19.624847661166807,-5.981053313408254,130.57409902542494
202,2023-07-22,156.36,-19.834822062108724,22.00702099217128,158.53219893006258
203,2023-07-23,156.54,-20.0233492931263,6.882969302220884,143.39962000909458
204,2023-07-24,156.72,-20.190509554287647,-0.06307250913872171,136.46641793657363
205,2023-07-25,156.9,-20.336407669057976,-2.066623031975665,134.49696929896635
206,2023-07-26,157.07999999999998,-20.461172870294842,-0.8652228638213517,135.7536042658838
207,2023-07-27,157.26,-20.56495855754769,-9.153070699439787,127.54197074301251
208,2023-07-28,157.44,-20.647942025975794,-0.9520253925800948,135.84003258144412
209,2023-07-29,157.62,-20.710324167232372,2.786835167270544,139.69651100003816
210,2023-07-30,157.8,-20.752329142695842,5.795416155732297,142.84308701303647
211,2023-07-31,157.98,-20.77420402946155,5.796897791443336,143.0026937619818
212,2023-08-01,158.16,-20.77621843954001,-2.748775465659347,134.63500609480064
213,2023-08-02,158.34,-20.758664112738792,-14.160822525219302,123.42051336204192
214,2023-08-03,158.51999999999998,-20.72185448373669,-6.691026262334455,131.10711925392886
215,2023-08-04,158.7,-20.66612422388902,16.121930428123882,154.15580620423484
216,2023-08-05,158.88,-20.591828758332817,8.960583134099478,147.24875437576665
217,2023-08-06,159.06,-20.499343758989802,3.6961958630417406,142.25685210405194
218,2023-08-07,159.24,-20.389064614093456,-7.612942447601238,131.23799293830533
219,2023-08-08,159.42000000000002,-20.26140587489411,0.03645154973777971,139.1950456748437
220,2023-08-09,159.6,-20.116800680222966,-12.556686856624818,126.92651246315222
221,2023-08-10,159.78,-19.955700159621948,-5.519368756960736,134.3049310834173
222,2023-08-11,159.96,-19.778572815771554,-2.4520334168519504,137.7293937673765
223,2023-08-12,160.14,-19.585903886973178,-3.61639931865213,136.9376967943747
224,2023-08-13,160.32,-19.378194690465953,9.56601931056012,150.50782462009414
225,2023-08-14,160.5,-19.15596194738047,-14.187259140354524,127.15677891226501
226,2023-08-15,160.68,-18.919737090153475,-8.65432271515154,133.10594019469497
227,2023-08-16,160.86,-18.670065553248193,-13.746879710222192,128.4430547365296
228,2023-08-17,161.04,-18.407506048044286,-12.373532126878539,130.25896182507717
229,2023-08-18,161.22,-18.132629822780398,1.240558964466489,144.3279291416861
230,2023-08-19,161.4,-17.846019908449218,-16.004405330562715,127.54957476098807
231,2023-08-20,161.57999999999998,-17.54827035156191,7.538687788376367,151.57041743681444
232,2023-08-21,161.76,-17.23998543471359,-2.4681577694107553,142.05185679587564
233,2023-08-22,161.94,-16.921778885896124,0.6878833252597749,145.70610443936366
234,2023-08-23,162.12,-16.594273077517453,3.2257673799720377,148.7514943024546
235,2023-08-24,162.3,-16.25809821609841,-4.341665202515911,141.7002365813857
236,2023-08-25,162.48,-15.913891523629152,10.324797157533776,156.8909056339046
237,2023-08-26,162.66,-15.56229641157651,-1.9434272672763502,145.15427632114714
238,2023-08-27,162.84,-15.203961648542323,5.9407025523907,153.57674090384836
239,2023-08-28,163.01999999999998,-14.839540522579906,-1.9911238275725225,146.18933564984755
240,2023-08-29,163.2,-14.469689999181794,2.9087438742492338,151.63905387506745
241,2023-08-30,163.38,-14.095069875956803,2.7966267015796142,152.0815568256228
242,2023-08-31,163.56,-13.716341935018086,2.4996993945553108,152.34335745953723
243,2023-09-01,163.74,-13.33416909410618,-9.743078496209195,140.66275240968463
244,2023-09-02,163.82000000000002,-12.94921455747228,4.3587577054744,155.22954314800214
245,2023-09-03,163.70000000000002,-12.562140967546831,-3.189569890995958,147.94828914145722
246,2023-09-04,163.58,-12.17360955841748,6.3048803048991795,157.71127074648172
247,2023-09-05,163.46,-11.784279312137661,-21.52493444412304,130.1507862437393
248,2023-09-06,163.34,-11.394806118883665,-14.651162220549509,137.29403166056682
249,2023-09-07,163.22,-11.00584194197286,3.6344556213502868,155.84861367937742
250,2023-09-08,163.10000000000002,-10.618033988749895,18.629275851052288,171.11124186230242
251,2023-09-09,162.98000000000002,-10.232023888340194,8.350587468112366,161.0985635797722
252,2023-09-10,162.86,-9.84844687726163,-6.824509341999805,146.18704378073858
253,2023-09-11,162.74,-9.467930993875534,-16.92052415377956,136.35154485234492
254,2023-09-12,162.62,-9.091096282647475,7.426862211616183,160.95576592896873
255,2023-09-13,162.5,-8.718554009176035,-0.8058322204295081,152.97561377039443
256,2023-09-14,162.38000000000002,-8.350905886934875,5.907042178943853,159.936136292009
257,2023-09-15,162.26000000000002,-7.988743316658914,1.1529872221079105,155.42424390544903
258,2023-09-16,162.14000000000001,-7.632646639290272,0.29642925120495234,154.8037826119147
259,2023-09-17,162.02,-7.2831844033829025,29.586254458931762,184.32307005554887
260,2023-09-18,161.9,-6.940912647847638,-0.061299610455789806,154.8977877416966
261,2023-09-19,161.78,-6.606374200900465,-1.5924520925326484,153.5811737065669
262,2023-09-20,161.66000000000003,-6.280097996057389,-1.2144867540402207,154.16541524990242
263,2023-09-21,161.54000000000002,-5.962598405998714,-5.835367167076569,149.74203442692476
264,2023-09-22,161.42000000000002,-5.6543745951036986,9.901328947153127,165.66695435204946
265,2023-09-23,161.3,-5.355909891434353,-3.5375433378134917,152.40654677075216
266,2023-09-24,161.18,-5.067671178923346,6.3594270564458935,162.47175587752255
267,2023-09-25,161.06,-4.79010831049686,2.846030298135564,159.1159219876387
268,2023-09-26,160.94000000000003,-4.523653542837856,12.189858621324262,168.60620507848643
269,2023-09-27,160.82000000000002,-4.268720993469136,4.201795969883613,160.7530749764145
270,2023-09-28,160.70000000000002,-4.025706120808795,-12.133847809476473,144.54044606971476
271,2023-09-29,160.58,-3.794985227822968,-13.264877850539406,143.52013692163763
272,2023-09-30,160.46,-3.576914989872135,14.083691460769014,170.9667764708969
273,2023-10-01,160.34,-3.3718320073186128,-6.0871080326444185,150.881059960037
274,2023-10-02,160.22,-3.180052383432585,-13.20602579789652,143.8339218186709
275,2023-10-03,160.10000000000002,-3.0018713281038636,-6.696185998697583,150.40194267319856
276,2023-10-04,159.98000000000002,-2.8375627878355303,12.646252869680072,169.78869008184455
277,2023-10-05,159.86,-2.6873791024637903,-14.202129989485123,142.97049090805112
278,2023-10-06,159.74,-2.5515506890166257,-8.664952037596095,148.52349727338728
279,2023-10-07,159.62,-2.430285753090807,-6.668075087965194,150.521639158944
280,2023-10-08,159.5,-2.32377002809406,-12.511898734731952,144.664331237174
281,2023-10-09,159.38000000000002,-2.2321665426654924,-11.843273385116637,145.3045600722179
282,2023-10-10,159.26000000000002,-2.1556154165537436,-15.181079752636586,141.9233048308097
283,2023-10-11,159.14000000000001,-2.0942336851978496,-4.6118741313672205,152.43389218343495
284,2023-10-12,159.02,-2.048115153221662,-3.5490883174008503,153.4227965293775
285,2023-10-13,158.9,-2.0173302770176598,-6.825381542033059,150.05728818094929
286,2023-10-14,158.78,-2.001926076561219,-16.53697838967641,140.24109553376238
287,2023-10-15,158.66000000000003,-2.001926076561219,12.533359468559954,169.19143339199874
288,2023-10-16,158.54000000000002,-2.017330277017656,-13.290788291721604,143.23188143126075
289,2023-10-17,158.42000000000002,-2.0481151532216586,2.78033712022871,159.15222196700708
290,2023-10-18,158.3,-2.094233685197846,-10.747665931188752,145.4581003836134
291,2023-10-19,158.18,-2.1556154165537436,6.683168667415277,162.70755325086154
292,2023-10-20,158.06,-2.2321665426654924,9.558323551671645,165.38615700900615
293,2023-10-21,157.94000000000003,-2.3237700280940565,-8.776135866276553,146.84009410562942
294,2023-10-22,157.82000000000002,-2.4302857530908035,-19.237157296971258,136.15255694993797
295,2023-10-23,157.70000000000002,-2.5515506890166186,6.957873191396077,162.1063225023795
296,2023-10-24,157.58,-2.687379102463783,18.75800546713635,173.65062636467258
297,2023-10-25,157.46,-2.8375627878355303,4.15694539892434,158.7793826110888
298,2023-10-26,157.34,-3.001871328103867,1.6054442147971804,155.94357288669332
299,2023-10-27,157.22000000000003,-3.180052383432578,8.197606096101891,162.23755371266932
300,2023-10-28,157.10000000000002,-3.371832007318609,7.650548459970179,161.3787164526516
301,2023-10-29,156.98000000000002,-3.576914989872133,-8.289888337610103,145.11319667251777
302,2023-10-30,156.86,-3.7949852278229717,-6.5915131069664765,146.47350166521056
303,2023-10-31,156.74,-4.025706120808797,6.1112355005591095,158.82552937975032
304,2023-11-01,156.62,-4.268720993469126,-1.4401334748029269,150.91114553172795
305,2023-11-02,156.5,-4.523653542837854,13.166055958635523,165.14240241579768
306,2023-11-03,156.38000000000002,-4.79010831049686,-7.043421471287584,144.54647021821557
307,2023-11-04,156.26000000000002,-5.067671178923344,7.506099168684813,158.69842798976148
308,2023-11-05,156.14000000000001,-5.355909891434347,3.426379813692278,154.21046992225794
309,2023-11-06,156.02,-5.654374595103695,-1.2643756370963435,149.10124976779997
310,2023-11-07,155.9,-5.9625984059987065,11.75910771834607,161.69650931234736
311,2023-11-08,155.78,-6.280097996057382,6.800715328674297,156.30061733261692
312,2023-11-09,155.66000000000003,-6.606374200900463,-10.04967153382104,139.00395426527854
313,2023-11-10,155.54000000000002,-6.940912647847643,6.402186804198472,155.00127415635083
314,2023-11-11,155.42000000000002,-7.283184403382908,13.749906314941992,161.8867219115591
315,2023-11-12,155.3,-7.632646639290273,-1.3044468898462371,146.3629064708635
316,2023-11-13,155.18,-7.988743316658917,-2.486558503849733,144.70469817949137
317,2023-11-14,155.06,-8.350905886934868,-6.696471476435246,140.01262263662989
318,2023-11-15,154.94000000000003,-8.718554009176028,-0.13603885675351005,146.0854071340705
319,2023-11-16,154.82000000000002,-9.091096282647467,6.8620068605291,152.59091057788166
320,2023-11-17,154.70000000000002,-9.46793099387553,-8.176682995787477,137.055386010337
321,2023-11-18,154.58,-9.848446877261626,-13.4635756073724,131.26797751536597
322,2023-11-19,154.46,-10.232023888340189,-3.757499109819263,140.47047700184055
323,2023-11-20,154.34,-10.618033988749902,-13.7972497865875,129.92471622466257
324,2023-11-21,154.22000000000003,-11.005841941972864,5.232184412826316,148.44634247085347
325,2023-11-22,154.10000000000002,-11.394806118883668,-4.266897699938011,138.43829618117834
326,2023-11-23,153.98000000000002,-11.784279312137663,-17.554018445508067,124.64170224235428
327,2023-11-24,153.86,-12.173609558417477,-3.4860751473850993,138.20031529419745
328,2023-11-25,153.74,-12.562140967546824,-1.9261498579409047,139.25170917451226
329,2023-11-26,153.62,-12.949214557472272,4.4913561335971695,145.16214157612492
330,2023-11-27,153.5,-13.334169094106173,-1.4536354315421036,138.71219547435172
331,2023-11-28,153.38000000000002,-13.716341935018072,18.687264568398085,158.35092263338004
332,2023-11-29,153.26000000000002,-14.095069875956787,-5.187038515389995,133.97789160865324
333,2023-11-30,153.14000000000001,-14.469689999181778,-0.6239854858230655,138.04632451499518
334,2023-12-01,153.02,-14.83954052257991,-1.0291061426267059,137.15135333479338
335,2023-12-02,152.9,-15.20396164854232,-2.826283844070235,134.86975450738743
336,2023-12-03,152.78,-15.562296411576503,1.4242558501294,138.6419594385529
337,2023-12-04,152.66000000000003,-15.913891523629157,5.412312971976727,142.15842144834758
338,2023-12-05,152.54000000000002,-16.258098216098404,13.400987035364347,149.68288881926597
339,2023-12-06,152.42000000000002,-16.594273077517446,-15.692561273944634,120.13316564853794
340,2023-12-07,152.3,-16.92177888589611,-5.103428738061208,130.27479237604268
341,2023-12-08,152.18,-17.23998543471358,-4.477714253522432,130.46230031176398
342,2023-12-09,152.06,-17.5482703515619,9.37850297361706,143.89023262205515
343,2023-12-10,151.94000000000003,-17.846019908449215,-3.566630610733439,130.52734948081738
344,2023-12-11,151.82000000000002,-18.132629822780377,-18.951755930793187,114.73561424642645
345,2023-12-12,151.70000000000002,-18.40750604804429,0.877304638665764,134.1697985906215
346,2023-12-13,151.58,-18.670065553248186,-0.3368923154093914,132.57304213134245
347,2023-12-14,151.46,-18.919737090153482,1.7975156577131524,134.33777856755967
348,2023-12-15,151.34,-19.15596194738046,-10.40162880979482,121.78240924282473
349,2023-12-16,151.22000000000003,-19.378194690465953,17.190346810845035,149.0321521203791
350,2023-12-17,151.10000000000002,-19.58590388697317,-3.2385978378534626,128.2754982751734
351,2023-12-18,150.98000000000002,-19.778572815771547,-1.8829685849366686,129.3184585992918
352,2023-12-19,150.86,-19.95570015962194,-9.000085698091608,121.90421414228648
353,2023-12-20,150.74,-20.116800680222962,-9.310020038747236,121.31317928102982
354,2023-12-21,150.62,-20.261405874894102,-12.227369597487854,118.13122452761804
355,2023-12-22,150.5,-20.389064614093456,-3.9331085178115686,126.17782686809497
356,2023-12-23,150.38000000000002,-20.499343758989802,-9.57581838756634,120.30483785344389
357,2023-12-24,150.26000000000002,-20.591828758332817,20.564673412252215,150.23284465391941
358,2023-12-25,150.14000000000001,-20.66612422388902,-18.88492380386815,110.58895197224284
359,2023-12-26,150.02,-20.72185448373669,-11.283305481817937,118.0148400344454
360,2023-12-27,149.9,-20.758664112738792,-4.014144284570148,125.12719160269107
361,2023-12-28,149.78,-20.776218439540006,6.734912780983247,135.73869434144325
362,2023-12-29,149.66000000000003,-20.77420402946155,-4.137568813800624,124.74822715673785
363,2023-12-30,149.54000000000002,-20.752329142695842,6.759633930029775,135.54730478733396
364,2023-12-31,149.42000000000002,-20.710324167232375,-9.868038892903218,118.84163693986442
365,2024-01-01,149.3,-20.647942025975794,0.5929113389470675,129.24496931297128
366,2024-01-02,149.18,-20.56495855754769,17.440410870108337,146.05545231256065
367,2024-01-03,149.06,-20.461172870294842,-9.677443956994779,118.92138317271039
368,2024-01-04,148.94000000000003,-20.336407669057976,4.195676758953945,132.79926908989597
369,2024-01-05,148.82000000000002,-20.190509554287647,2.0692751928326008,130.69876563854498
370,2024-01-06,148.70000000000002,-20.0233492931263,-22.5153498598787,106.16130084699502
371,2024-01-07,148.58,-19.834822062108724,-5.889705464706788,122.8554724731845
372,2024-01-08,148.46,-19.624847661166807,11.311519053059893,140.1466713918931
373,2024-01-09,148.34,-19.393370698658277,1.350776724846987,130.2974060261887
374,2024-01-10,148.22000000000003,-19.140360747173542,-12.122689628960636,116.95694962386585
375,2024-01-11,148.10000000000002,-18.86581246990919,6.907772729156428,136.14196025924724
376,2024-01-12,147.98000000000002,-18.569745717431616,-4.791229453143527,124.61902482942489
377,2024-01-13,147.86,-18.25220559468938,3.6005072808083676,133.208301686119
378,2024-01-14,147.74,-17.913262498167892,3.7692011443763063,133.59593864620842
379,2024-01-15,147.62,-17.553012123115696,-11.18695601145573,118.88003186542856
380,2024-01-16,147.5,-17.17157544080678,7.898280347342986,138.2267049065362
381,2024-01-17,147.38000000000002,-16.769098645839133,-10.07508801235176,120.53581334180913
382,2024-01-18,147.26000000000002,-16.34575307350504,-13.0578586634164,117.85638826307857
383,2024-01-19,147.14000000000001,-15.901735087304152,-8.82828987722037,122.40997503547548
384,2024-01-20,147.02,-15.43726593670601,-3.4609003386319444,128.12183372466205
385,2024-01-21,146.9,-14.952591585303528,1.094031564412624,133.0414399791091
386,2024-01-22,146.78,-14.447982509534544,-7.7258373237244005,124.60618016674105
387,2024-01-23,146.66000000000003,-13.923733468183073,7.448193123951158,140.18445965576814
388,2024-01-24,146.54000000000002,-13.380163242906988,2.5146418404359423,135.674478597529
389,2024-01-25,146.42000000000002,-12.817614350072697,-6.947982151055028,126.6544034988723
390,2024-01-26,146.3,-12.236452724212123,8.889929175948556,142.95347645173646
391,2024-01-27,146.18,-11.637067373450442,11.610683576464835,146.1536162030144
392,2024-01-28,146.06,-11.019870007286652,-0.9868469680951346,134.05328302461822
393,2024-01-29,145.94,-10.38529463714171,-2.149830449638909,133.4048749132194
394,2024-01-30,145.82000000000002,-9.733797150121584,-17.737713532563518,118.34848931731493
395,2024-01-31,145.70000000000002,-9.0658548564741,-4.0751259239146895,132.55901921961123
396,2024-02-01,145.58,-8.381966011250103,-2.9150671256536507,134.28296686309625
397,2024-02-02,145.46,-7.682649310709856,2.45379407259692,140.23114476188707
398,2024-02-03,145.34,-6.96844336404575,-1.6842643163047275,136.68729231964952
399,2024-02-04,145.22000000000003,-6.239906141021983,2.440269381404946,141.420363240383
400,2024-02-05,145.10000000000002,-5.497614396160115,15.340902893038646,154.94328849687855
401,2024-02-06,144.98000000000002,-4.742163070127939,-5.299140986336766,134.93869594353532
402,2024-02-07,144.86,-3.9741646690156163,-4.909722825658468,135.97611250532594
403,2024-02-08,144.74,-3.194248622210111,-13.091653143025816,128.45409823476407
404,2024-02-09,144.62,-2.4030606196037763,-0.08660466741585568,142.13033471298039
405,2024-02-10,144.5,-1.6012619288983192,9.768129824696102,152.6668678957978
406,2024-02-11,144.38000000000002,-0.7895286937884904,-17.510703491923696,126.07976781428783
407,2024-02-12,144.26000000000002,0.03144878616675584,-6.6585696701938755,137.63287911597288
408,2024-02-13,144.14000000000001,0.8609667931562459,0.3594050250391853,145.36037181819546
409,2024-02-14,144.02,1.6983089453615765,8.501028835244371,154.21933778060597
410,2024-02-15,143.9,2.5427469669644065,3.8287023902686523,150.27144935723308
411,2024-02-16,143.78,3.3935414730273523,3.254636281821306,150.42817775484866
412,2024-02-17,143.66000000000003,4.249942768341033,-2.243127859709009,145.66681490863206
413,2024-02-18,143.54000000000002,5.11119165931363,4.818742570187152,153.46993422950078
414,2024-02-19,143.42000000000002,5.976520277963459,10.143038835334611,159.53955911329808
415,2024-02-20,143.3,6.8451529170602665,-17.089917765492032,133.05523515156824
416,2024-02-21,143.18,7.716306875447737,7.285354008351337,158.18166088379908
417,2024-02-22,143.06,8.589193312567353,-0.9875980586671322,150.6615952539002
418,2024-02-23,142.94,9.463018111192303,-5.299888642145143,147.10312946904716
419,2024-02-24,142.82000000000002,10.336982747370504,-24.43075785879315,128.72622488857738
420,2024-02-25,142.70000000000002,11.210285166566724,-13.803513236542992,140.10677193002377
421,2024-02-26,142.58,12.082120664986176,16.980589922472507,171.6427105874587
422,2024-02-27,142.46,12.951682775055664,-6.885485324635544,148.52619745042014
423,2024-02-28,142.34,13.818164154032983,-10.84768771253082,145.31047644150217
424,2024-02-29,142.22000000000003,14.68075747471122,-4.564259561435924,152.3364979132753
425,2024-03-01,142.10000000000002,15.538656317182173,-7.451472218585932,150.18718409859628
426,2024-03-02,141.98000000000002,16.391056060620873,1.243586326189154,159.61464238681006
427,2024-03-03,141.86,17.237154774053575,15.169736782466114,174.2668915565197
428,2024-03-04,141.74,18.076154105071918,-5.866159508522138,153.94999459654977
429,2024-03-05,141.62,18.907260165458226,1.5429005055187113,162.07016067097695
430,2024-03-06,141.5,19.729684412690446,-11.472371412402353,149.7573130002881
431,2024-03-07,141.38000000000002,20.542644526299345,15.20166442206532,177.12430894836467
432,2024-03-08,141.26000000000002,21.345365278056697,1.8904344241411,164.49579970219781
433,2024-03-09,141.14000000000001,22.13707939498,-10.818191232906198,152.4588881620738
434,2024-03-10,141.02,22.917028414147342,9.043062201346425,172.9800906154938
435,2024-03-11,140.9,23.68446352832558,11.999876485826134,176.5843400141517
436,2024-03-12,140.78,24.43864642142527,1.6145636340763547,166.8332100555016
437,2024-03-13,140.66000000000003,25.178850092807664,-16.39396967540776,149.44488041739993
438,2024-03-14,140.54000000000002,25.90435966948182,17.851688135164746,184.2960478046466
439,2024-03-15,140.42000000000002,26.614473205243847,3.1012252062652617,170.13569841150914
440,2024-03-16,140.3,27.308502465825427,11.704542973614533,179.31304543943997
441,2024-03-17,140.18,27.985773699134924,-5.508932051171423,162.65684164796352
442,2024-03-18,140.06,28.645628389691634,-3.9862392473390047,164.71938914235264
443,2024-03-19,139.94,29.287423996372112,1.1045310929056538,170.33195508927778
444,2024-03-20,139.82000000000002,29.910534672606886,11.134016780358799,180.86455145296569
445,2024-03-21,139.70000000000002,30.514351968186144,1.4299002816716133,171.64425224985777
446,2024-03-22,139.58,31.098285511854577,-12.568338125336815,158.10994738651777
447,2024-03-23,139.46,31.661763673897667,2.6198919678334103,173.74165564173109
448,2024-03-24,139.34,32.2042342079452,16.29534194510767,187.8395761530529
449,2024-03-25,139.22000000000003,32.7251648712419,0.6580628246283132,172.60322769587023
450,2024-03-26,139.10000000000002,33.22404402266016,1.2938552377648258,173.61789926042502
451,2024-03-27,138.98000000000002,33.70038119775587,-12.625437427838197,160.05494376991768
452,2024-03-28,138.86,34.15370766019504,-14.029890877228395,158.98381678296667
453,2024-03-29,138.74,34.58357692890654,-6.376921388132418,166.94665554077415
454,2024-03-30,138.62,34.98956528034455,-3.265176466187236,170.34438881415733
455,2024-03-31,138.5,35.37127222527349,1.0406073501027997,174.91187957537628
456,2024-04-01,138.38000000000002,35.72832095951781,1.6595697447417668,175.7678907042596
457,2024-04-02,138.26000000000002,36.06035878814947,16.019076510169285,190.3394352983188
458,2024-04-03,138.14000000000001,36.36705752261715,0.5868743844990988,175.09393190711629
459,2024-04-04,138.02,36.64811385035246,10.644226884109075,185.31234073446157
460,2024-04-05,137.9,36.903249676421105,-0.3932933464491537,174.40995632997195
461,2024-04-06,137.78,37.13221243681913,14.48903611625761,189.40124855307673
462,2024-04-07,137.66000000000003,37.33477538304791,-18.70397478747201,156.29080059557592
463,2024-04-08,137.54000000000002,37.51073783763489,-5.987317666784293,169.06342017085063
464,2024-04-09,137.42000000000002,37.65992542030125,9.830333962592409,184.91025938289368
465,2024-04-10,137.3,37.782190244511725,-1.7159600525671557,173.36623019194457
466,2024-04-11,137.18,37.8774110841769,9.315296133879658,184.37270721805658
467,2024-04-12,137.06,37.94549351031264,3.8506610277727105,178.85615453808535
468,2024-04-13,136.94,37.98636999749701,9.458769837130342,184.38513983462735
469,2024-04-14,136.82000000000002,38.0,6.130677280288434,180.95067728028846
470,2024-04-15,136.70000000000002,37.98636999749701,6.736489338137503,181.42285933563454
471,2024-04-16,136.58,37.94549351031264,14.9245538715155,189.45004738182814
472,2024-04-17,136.46,37.8774110841769,9.8647401870094,184.2021512711863
473,2024-04-18,136.34,37.782190244511725,9.938067071364095,184.06025731587582
474,2024-04-19,136.22000000000003,37.65992542030125,0.20418758785576607,174.08411300815703
475,2024-04-20,136.10000000000002,37.51073783763489,-5.818502098168723,167.7922357394662
476,2024-04-21,135.98000000000002,37.33477538304791,-6.595600882722964,166.71917450032495
477,2024-04-22,135.86,37.13221243681913,7.509445971896803,180.50165840871597
478,2024-04-23,135.74,36.903249676421105,-24.384605640450236,148.25864403597086
479,2024-04-24,135.62,36.64811385035246,-13.071781883042856,159.1963319673096
480,2024-04-25,135.5,36.36705752261715,-9.6325368587879,162.23452066382927
481,2024-04-26,135.38000000000002,36.06035878814947,-2.4762137869361704,168.96414500121332
482,2024-04-27,135.26000000000002,35.72832095951781,-26.314380368083338,144.6739405914345
483,2024-04-28,135.14000000000001,35.37127222527349,12.587213025893325,183.09848525116684
484,2024-04-29,135.02,34.98956528034455,6.001752363295938,176.0113176436405
485,2024-04-30,134.9,34.58357692890654,19.845823984585664,189.32940091349218
486,2024-05-01,134.78000000000003,34.15370766019504,10.62214468922782,179.55585234942288
487,2024-05-02,134.66000000000003,33.70038119775587,10.30379331152028,178.66417450927617
488,2024-05-03,134.62,33.22404402266016,22.506760310308675,190.35080433296883
489,2024-05-04,134.62,32.7251648712419,-5.709580868574299,161.6355840026676
490,2024-05-05,134.62,32.2042342079452,-15.034583992493944,151.78965021545127
491,2024-05-06,134.62,31.661763673897667,-2.3235739649273985,163.95818970897028
492,2024-05-07,134.62,31.098285511854577,-8.249920538471605,157.468364973383
493,2024-05-08,134.62,30.514351968186144,-2.5684536102444717,162.56589835794168
494,2024-05-09,134.62,29.910534672606886,-10.502189902580902,154.028344770026
495,2024-05-10,134.62,29.287423996372112,5.6788006745399695,169.5862246709121
496,2024-05-11,134.62,28.645628389691634,5.129828495987242,168.3954568856789
497,2024-05-12,134.62,27.985773699134924,-0.26922590568272414,162.3365477934522
498,2024-05-13,134.62,27.308502465825427,3.1158150338288007,165.04431749965423
499,2024-05-14,134.62,26.614473205243847,-1.4205072712918292,159.81396593395203
500,2024-05-15,134.62,25.90435966948182,7.520336682672813,168.04469635215466
501,2024-05-16,134.62,25.178850092807664,0.6964074948535595,160.49525758766123
502,2024-05-17,134.62,24.43864642142527,-2.6544562489577324,156.40419017246754
503,2024-05-18,134.62,23.68446352832558,9.295844699427109,167.6003082277527
504,2024-05-19,134.62,22.917028414147342,12.608212692267616,170.14524110641497
505,2024-05-20,134.62,22.13707939498,13.374538256412125,170.13161765139213
506,2024-05-21,134.62,21.345365278056697,-9.90274689319482,146.06261838486188
507,2024-05-22,134.62,20.542644526299345,-5.344472080416974,149.81817244588237
508,2024-05-23,134.62,19.729684412690446,-17.014960947476922,137.33472346521353
509,2024-05-24,134.62,18.907260165458226,-2.385650182036062,151.14160998342217
510,2024-05-25,134.62,18.076154105071918,4.161238144776257,156.85739224984817
511,2024-05-26,134.62,17.237154774053575,-1.3280117451197486,150.52914302893385
512,2024-05-27,134.62,16.391056060620873,19.30850867048302,170.31956473110392
513,2024-05-28,134.62,15.538656317182173,-4.058433751113569,146.10022256606862
514,2024-05-29,134.62,14.68075747471122,-10.88508555488929,138.41567191982193
515,2024-05-30,134.62,13.818164154032983,5.685042066678756,154.12320622071175
516,2024-05-31,134.62,12.951682775055664,1.4993382849816042,149.07102106003728
517,2024-06-01,134.62,12.082120664986176,5.496425958003854,152.19854662299002
518,2024-06-02,134.62,11.210285166566724,3.037879307861897,148.86816447442862
519,2024-06-03,134.62,10.336982747370504,2.4376576053087367,147.39464035267926
520,2024-06-04,134.62,9.463018111192303,-21.22298883042592,122.86002928076638
521,2024-06-05,134.62,8.589193312567353,-7.26114027517346,135.9480530373939
522,2024-06-06,134.62,7.716306875447737,-5.903249179528643,136.4330576959191
523,2024-06-07,134.62,6.8451529170602665,-3.4796433793492643,137.985509537711
524,2024-06-08,134.62,5.976520277963459,-4.483916384609412,136.11260389335405
525,2024-06-09,134.62,5.11119165931363,4.128187616876911,143.85937927619054
526,2024-06-10,134.62,4.249942768341033,6.008825086920194,144.87876785526123
527,2024-06-11,134.62,3.3935414730273523,-11.316409267511524,126.69713220551583
528,2024-06-12,134.62,2.5427469669644065,6.868044067946779,144.0307910349112
529,2024-06-13,134.62,1.6983089453615765,5.85768138667071,142.1759903320323
530,2024-06-14,134.62,0.8609667931562459,4.657700660382165,140.13866745353843
531,2024-06-15,134.62,0.03144878616675584,-14.178944880296694,120.47250390587006
532,2024-06-16,134.62,-0.7895286937884904,4.405823002889993,138.2362943091015
533,2024-06-17,134.62,-1.6012619288983192,0.8259541953627012,133.8446922664644
534,2024-06-18,134.62,-2.4030606196037763,9.608800752138439,141.8257401325347
535,2024-06-19,134.62,-3.194248622210111,17.843567953013032,149.26931933080292
536,2024-06-20,134.62,-3.9741646690156163,15.880678855942618,146.52651418692702
537,2024-06-21,134.62,-4.742163070127939,1.1264417223992804,131.00427865227135
538,2024-06-22,134.62,-5.497614396160115,-0.018746917257705737,129.10363868658217
539,2024-06-23,134.62,-6.239906141021983,6.319482840093328,134.69957669907134
540,2024-06-24,134.62,-6.96844336404575,-11.150399534194404,116.50115710175984
541,2024-06-25,134.62,-7.682649310709856,-14.506831416048005,112.43051927324215
542,2024-06-26,134.62,-8.381966011250103,-4.725305920249986,121.51272806849992
543,2024-06-27,134.62,-9.0658548564741,12.205689137145274,137.75983428067119
544,2024-06-28,134.62,-9.733797150121584,-3.311282982824718,121.5749198670537
545,2024-06-29,134.62,-10.38529463714171,15.02580905809435,139.26051442095263
546,2024-06-30,134.62,-11.019870007286652,-27.881128830850024,95.71900116186333
547,2024-07-01,134.62,-11.637067373450442,-15.872064267876304,107.11086835867326
548,2024-07-02,134.62,-12.236452724212123,-1.2368873285569917,121.14665994723089
549,2024-07-03,134.62,-12.817614350072697,8.881945413408756,130.68433106333606
550,2024-07-04,134.62,-13.380163242906988,-0.6962309872009259,120.5436057698921
551,2024-07-05,134.62,-13.923733468183073,-0.9565274449329955,119.73973908688393
552,2024-07-06,134.62,-14.447982509534544,-1.2174149525709201,118.95460253789454
553,2024-07-07,134.62,-14.952591585303528,-17.628977344010746,102.03843107068573
554,2024-07-08,134.62,-15.43726593670601,11.580688744398529,130.7634228076925
555,2024-07-09,134.62,-15.901735087304152,-6.827647198373713,111.89061771432215
556,2024-07-10,134.62,-16.34575307350504,10.89532657214453,129.1695734986395
557,2024-07-11,134.62,-16.769098645839133,-0.7052341796234978,117.14566717453737
558,2024-07-12,134.62,-17.17157544080678,10.681603873290815,128.13002843248404
559,2024-07-13,134.62,-17.553012123115696,3.4325798097756617,120.49956768665997
560,2024-07-14,134.62,-17.913262498167892,-1.0667449055824227,115.63999259624968
561,2024-07-15,134.62,-18.25220559468938,2.2626164706870253,118.63041087599765
562,2024-07-16,134.62,-18.569745717431616,-14.72977609111576,101.32047819145262
563,2024-07-17,134.62,-18.86581246990919,0.06029327171035006,115.81448080180117
564,2024-07-18,134.62,-19.140360747173542,17.160403221121314,132.64004247394777
565,2024-07-19,134.62,-19.393370698658277,13.081935639887153,128.3085649412289
566,2024-07-20,134.62,-19.624847661166807,-9.850235826980722,105.14491651185247
567,2024-07-21,134.62,-19.834822062108724,5.0568585133792325,119.8420364512705
568,2024-07-22,134.62,-20.0233492931263,2.4797988474753856,117.07644955434908
569,2024-07-23,134.62,-20.190509554287647,8.17188280117408,122.60137324688644
570,2024-07-24,134.62,-20.336407669057976,0.9415288552221196,115.22512118616415
571,2024-07-25,134.62,-20.461172870294842,-2.335039931301,111.82378719840416
572,2024-07-26,134.62,-20.56495855754769,13.306307763606483,127.36134920605879
573,2024-07-27,134.62,-20.647942025975794,2.1639656827201,116.13602365674431
574,2024-07-28,134.62,-20.710324167232372,12.55464321946314,126.46431905223078
575,2024-07-29,134.62,-20.752329142695842,9.74386203344494,123.6115328907491
576,2024-07-30,134.62,-20.77420402946155,-3.2448724151890778,110.60092355534938
577,2024-07-31,134.62,-20.77621843954001,-1.670002743571596,112.1737788168884
578,2024-08-01,134.62,-20.758664112738792,19.298324339990224,133.15966022725144
579,2024-08-02,134.62,-20.72185448373669,1.9148232543991204,115.81296877066244
580,2024-08-03,134.62,-20.66612422388902,-7.586284233600243,106.36759154251074
581,2024-08-04,134.62,-20.591828758332817,-12.000432779850234,102.02773846181697
582,2024-08-05,134.62,-20.499343758989802,9.741324352577568,123.86198059358777
583,2024-08-06,134.62,-20.389064614093456,1.6029372109627311,115.83387259686928
584,2024-08-07,134.62,-20.26140587489411,-7.920919505289836,106.43767461981606
585,2024-08-08,134.62,-20.116800680222966,6.745848312366249,121.24904763214329
586,2024-08-09,134.62,-19.955700159621948,1.5974869505592115,116.26178679093726
587,2024-08-10,134.62,-19.778572815771554,-16.60475070762957,98.23667647659889
588,2024-08-11,134.62,-19.585903886973178,5.886855547108121,120.92095166013496
589,2024-08-12,134.62,-19.378194690465953,13.331907028432335,128.57371233796638
590,2024-08-13,134.62,-19.15596194738047,25.598502306324708,141.06254035894426
591,2024-08-14,134.62,-18.919737090153475,0.3490256406200444,116.04928855046657
592,2024-08-15,134.62,-18.670065553248193,2.326496582105465,118.27643102885727
593,2024-08-16,134.62,-18.407506048044286,16.065968052348044,132.27846200430378
594,2024-08-17,134.62,-18.132629822780398,1.6872226693647914,118.17459284658439
595,2024-08-18,134.62,-17.846019908449218,2.753418630799228,119.52739872235001
596,2024-08-19,134.62,-17.54827035156191,-6.30618391430576,110.76554573413233
597,2024-08-20,134.62,-17.23998543471359,-13.943751127131897,103.43626343815453
598,2024-08-21,134.62,-16.921778885896124,9.126879358198552,126.82510047230244
599,2024-08-22,134.62,-16.594273077517453,-12.735702368122439,105.29002455436012
600,2024-08-23,134.62,-16.25809821609841,11.406562429474631,129.76846421337623
601,2024-08-24,134.62,-15.913891523629152,-7.881655588876596,110.82445288749426
602,2024-08-25,134.62,-15.56229641157651,2.6523395839829886,121.71004317240649
603,2024-08-26,134.62,-15.203961648542323,-3.722717313582859,115.69332103787482
604,2024-08-27,134.62,-14.839540522579906,11.746002379573405,131.5264618569935
605,2024-08-28,134.62,-14.469689999181794,3.0084640220658097,123.15877402288402
606,2024-08-29,134.62,-14.095069875956803,19.590953525071416,140.11588364911464
607,2024-08-30,134.62,-13.716341935018086,-10.836776793595817,110.06688127138611
608,2024-08-31,134.62,-13.33416909410618,4.138630815357569,125.42446172125139
609,2024-09-01,134.62,-12.94921455747228,0.47341880907132994,122.14420425159906
610,2024-09-02,134.62,-12.562140967546831,2.7994357125692275,124.85729474502239
611,2024-09-03,134.62,-12.17360955841748,15.959211716104488,138.405602157687
612,2024-09-04,134.62,-11.784279312137661,5.853180300922858,128.6889009887852
613,2024-09-05,134.62,-11.394806118883665,-11.475254086772072,111.74993979434427
614,2024-09-06,134.62,-11.00584194197286,5.335108183398289,128.94926624142542
615,2024-09-07,134.62,-10.618033988749895,-4.156193761557507,119.8457722496926
616,2024-09-08,134.62,-10.232023888340194,-4.733549700707904,119.65442641095191
617,2024-09-09,134.62,-9.84844687726163,10.458573280333688,135.23012640307206
618,2024-09-10,134.62,-9.467930993875534,-6.023399830262286,119.12866917586217
619,2024-09-11,134.62,-9.091096282647475,-3.797303275801356,121.73160044155118
620,2024-09-12,134.62,-8.718554009176035,0.32407254403870644,126.22551853486267
621,2024-09-13,134.62,-8.350905886934875,9.461858967453882,135.73095308051901
622,2024-09-14,134.62,-7.988743316658914,5.815898028611892,132.44715471195298
623,2024-09-15,134.62,-7.632646639290272,-2.344149119178714,124.64320424153102
624,2024-09-16,134.62,-7.2831844033829025,-2.7217646568739324,124.61505093974317
625,2024-09-17,134.62,-6.940912647847638,-11.601296615335286,116.07779073681708
626,2024-09-18,134.62,-6.606374200900465,-7.5983508859266315,120.41527491317291
627,2024-09-19,134.62,-6.280097996057389,-6.543810858204932,121.79609114573769
628,2024-09-20,134.62,-5.962598405998714,-1.4929094174744555,127.16449217652685
629,2024-09-21,134.62,-5.6543745951036986,19.867630371691618,148.83325577658792
630,2024-09-22,134.62,-5.355909891434353,-6.754694337864318,122.50939577070133
631,2024-09-23,134.62,-5.067671178923346,-2.958290679056386,126.59403814202027
632,2024-09-24,134.62,-4.79010831049686,-20.523984049766057,109.30590763973709
633,2024-09-25,134.62,-4.523653542837856,6.005710943105073,136.10205740026723
634,2024-09-26,134.62,-4.268720993469136,-15.774487938270054,114.5767910682608
635,2024-09-27,134.62,-4.025706120808795,-9.065895221643572,121.52839865754764
636,2024-09-28,134.62,-3.794985227822968,10.42335368440993,141.24836845658697
637,2024-09-29,134.62,-3.576914989872135,-21.049284295789622,109.99380071433825
638,2024-09-30,134.62,-3.3718320073186128,0.9592041239523996,132.2073721166338
639,2024-10-01,134.62,-3.180052383432585,8.009296466651268,139.4492440832187
640,2024-10-02,134.62,-3.0018713281038636,15.254442364402777,146.8725710362989
641,2024-10-03,134.62,-2.8375627878355303,-9.200931084896135,122.58150612726833
642,2024-10-04,134.62,-2.6873791024637903,-6.24024850239865,125.69237239513757
643,2024-10-05,134.62,-2.5515506890166257,18.04436323402601,150.11281254500938
644,2024-10-06,134.62,-2.430285753090807,-0.25060144581597743,131.93911280109322
645,2024-10-07,134.62,-2.32377002809406,-7.362639342696717,124.93359062920922
646,2024-10-08,134.62,-2.2321665426654924,-7.174858373072272,125.21297508426225
647,2024-10-09,134.62,-2.1556154165537436,-9.725563235674656,122.73882134777159
648,2024-10-10,134.62,-2.0942336851978496,-4.396722054259928,128.12904426054223
649,2024-10-11,134.62,-2.048115153221662,10.882204764493446,143.4540896112718
650,2024-10-12,134.62,-2.0173302770176598,8.877660685734638,141.48033040871698
651,2024-10-13,134.62,-2.001926076561219,-11.742703028253445,120.87537089518533
652,2024-10-14,134.62,-2.001926076561219,2.14586074704235,134.76393467048112
653,2024-10-15,134.62,-2.017330277017656,-4.021597350725178,128.58107237225715
654,2024-10-16,134.62,-2.0481151532216586,7.8244040410444216,140.39628888782278
655,2024-10-17,134.62,-2.094233685197846,-1.5635972722929936,130.96216904250917
656,2024-10-18,134.62,-2.1556154165537436,3.715246817997672,136.1796314014439
657,2024-10-19,134.62,-2.2321665426654924,-1.5860520695849933,130.80178138774954
658,2024-10-20,134.62,-2.3237700280940565,-21.870859306382226,110.42537066552372
659,2024-10-21,134.62,-2.4302857530908035,0.4700244536864444,132.65973870059565
660,2024-10-22,134.62,-2.5515506890166186,-12.717469495300868,119.35097981568254
661,2024-10-23,134.62,-2.687379102463783,7.4712841167684125,139.40390501430463
662,2024-10-24,134.62,-2.8375627878355303,-6.798278923997879,124.98415828816658
663,2024-10-25,134.62,-3.001871328103867,-6.050126560729895,125.56800211116624
664,2024-10-26,134.62,-3.180052383432578,-0.08902825012302579,131.3509193664444
665,2024-10-27,134.62,-3.371832007318609,5.777939542243806,137.02610753492522
666,2024-10-28,134.62,-3.576914989872133,-1.697438177991287,129.3456468321366
667,2024-10-29,134.62,-3.7949852278229717,16.421827720450203,147.24684249262725
668,2024-10-30,134.62,-4.025706120808797,16.48817861485808,147.08247249404928
669,2024-10-31,134.62,-4.268720993469126,17.154685921699905,147.50596492823078
670,2024-11-01,134.62,-4.523653542837854,-2.343187245587675,127.75315921157448
671,2024-11-02,134.62,-4.79010831049686,-14.819584561028547,115.0103071284746
672,2024-11-03,134.62,-5.067671178923344,12.200785142382792,141.75311396345944
673,2024-11-04,134.62,-5.355909891434347,-4.16345285299776,125.10063725556789
674,2024-11-05,134.62,-5.654374595103695,0.3816631200200775,129.3472885249164
675,2024-11-06,134.62,-5.9625984059987065,6.283201028551701,134.940602622553
676,2024-11-07,134.62,-6.280097996057382,-16.04436400512652,112.2955379988161
677,2024-11-08,134.62,-6.606374200900463,16.291212053324976,144.30483785242453
678,2024-11-09,134.62,-6.940912647847643,8.749623291033075,136.42871064318544
679,2024-11-10,134.62,-7.283184403382908,3.5227158207147284,130.85953141733182
680,2024-11-11,134.62,-7.632646639290273,8.909167504786911,135.89652086549665
681,2024-11-12,134.62,-7.988743316658917,5.569525393273475,132.20078207661456
682,2024-11-13,134.62,-8.350905886934868,1.1682811556907777,127.43737526875591
683,2024-11-14,134.62,-8.718554009176028,-3.077743221445603,122.82370276937837
684,2024-11-15,134.62,-9.091096282647467,-7.391422743557824,118.13748097379471
685,2024-11-16,134.62,-9.46793099387553,2.872142809033677,128.02421181515817
686,2024-11-17,134.62,-9.848446877261626,3.6120305977167484,128.38358372045514
687,2024-11-18,134.62,-10.232023888340189,10.83198802688199,135.2199641385418
688,2024-11-19,134.62,-10.618033988749902,2.006600087191968,126.00856609844207
689,2024-11-20,134.62,-11.005841941972864,-8.532015157805608,115.08214290022154
690,2024-11-21,134.62,-11.394806118883668,-15.76232847396656,107.46286540714978
691,2024-11-22,134.62,-11.784279312137663,-1.2756216200993094,121.56009906776302
692,2024-11-23,134.62,-12.173609558417477,-0.27458376689570885,122.17180667468682
693,2024-11-24,134.62,-12.562140967546824,-0.9809158279359969,121.07694320451718
694,2024-11-25,134.62,-12.949214557472272,-15.305128973556242,106.3656564689715
695,2024-11-26,134.62,-13.334169094106173,10.744651405355077,132.0304823112489
696,2024-11-27,134.62,-13.716341935018072,10.726297462337824,131.62995552731974
697,2024-11-28,134.62,-14.095069875956787,-8.23285164614491,112.29207847789831
698,2024-11-29,134.62,-14.469689999181778,8.059821116221542,128.21013111703977
699,2024-11-30,134.62,-14.83954052257991,9.528308618116563,129.30876809553666
700,2024-12-01,134.62,-15.20396164854232,0.3844707664769293,119.80050911793461
701,2024-12-02,134.62,-15.562296411576503,-9.484986261940769,109.57271732648275
702,2024-12-03,134.62,-15.913891523629157,16.133815352610238,134.83992382898109
703,2024-12-04,134.62,-16.258098216098404,3.809214337722265,122.17111612162387
704,2024-12-05,134.62,-16.594273077517446,-2.5103745521204264,115.51535237036214
705,2024-12-06,134.62,-16.92177888589611,7.728453956729085,125.42667507083297
706,2024-12-07,134.62,-17.23998543471358,16.222084878501516,133.60209944378792
707,2024-12-08,134.62,-17.5482703515619,-4.971601466888655,112.10012818154945
708,2024-12-09,134.62,-17.846019908449215,6.914225452567888,123.68820554411867
709,2024-12-10,134.62,-18.132629822780377,19.431601707247083,135.9189718844667
710,2024-12-11,134.62,-18.40750604804429,-11.165648342354796,105.04684560960091
711,2024-12-12,134.62,-18.670065553248186,-5.492535887280629,110.4573985594712
712,2024-12-13,134.62,-18.919737090153482,-5.978550805922049,109.72171210392446
713,2024-12-14,134.62,-19.15596194738046,-1.5832713704922017,113.88076668212734
714,2024-12-15,134.62,-19.378194690465953,-2.099737358841947,113.1420679506921
715,2024-12-16,134.62,-19.58590388697317,3.007954393670502,118.04205050669734
716,2024-12-17,134.62,-19.778572815771547,-8.20375520134737,106.63767198288107
717,2024-12-18,134.62,-19.95570015962194,-6.226634888808933,108.43766495156913
718,2024-12-19,134.62,-20.116800680222962,3.0129048398257567,117.51610415960279
719,2024-12-20,134.62,-20.261405874894102,1.5491185973371044,115.907712722443
720,2024-12-21,134.62,-20.389064614093456,8.740798091601995,122.97173347750854
721,2024-12-22,134.62,-20.499343758989802,4.0935502492564035,118.21420649026662
722,2024-12-23,134.62,-20.591828758332817,7.718466355607633,121.74663759727483
723,2024-12-24,134.62,-20.66612422388902,-11.429520395415,102.52435538069598
724,2024-12-25,134.62,-20.72185448373669,-3.834163111157828,110.06398240510549
725,2024-12-26,134.62,-20.758664112738792,18.48379950883445,132.34513539609566
726,2024-12-27,134.62,-20.776218439540006,3.9207804655166942,117.7645620259767
727,2024-12-28,134.62,-20.77420402946155,7.473929615463167,121.31972558600162
728,2024-12-29,134.62,-20.752329142695842,2.7273473716279444,116.5950182289321
729,2024-12-30,134.62,-20.710324167232375,4.253358569287856,118.16303440205549
730,2024-12-31,134.62,-20.64794202597579,-2.3090405152817355,111.66301745874247
